{
  "custom": {},
  "params": {},
  "props": {
    "defaultSize": {
      "height": 1664,
      "width": 2560
    }
  },
  "root": {
    "children": [
      {
        "children": [
          {
            "meta": {
              "name": "Label"
            },
            "position": {
              "basis": "986px"
            },
            "props": {
              "style": {
                "fontSize": 40,
                "letterSpacing": "2.5",
                "paddingLeft": 40
              },
              "text": "DASHBOARD"
            },
            "type": "ia.display.label"
          },
          {
            "meta": {
              "name": "User"
            },
            "position": {
              "basis": "149px"
            },
            "props": {
              "fit": {
                "mode": "fill"
              },
              "source": "/system/images/User.png",
              "style": {
                "padding": 40
              }
            },
            "type": "ia.display.image"
          },
          {
            "meta": {
              "name": "Label_0"
            },
            "position": {
              "basis": "1425px"
            },
            "propConfig": {
              "props.text": {
                "binding": {
                  "config": {
                    "path": "session.props.auth.user.userName"
                  },
                  "type": "property"
                }
              }
            },
            "props": {
              "style": {
                "fontSize": 17,
                "letterSpacing": "2.5",
                "paddingLeft": 40,
                "paddingRight": 40,
                "textAlign": "right",
                "textTransform": "uppercase"
              }
            },
            "type": "ia.display.label"
          }
        ],
        "meta": {
          "name": "dashboard_label"
        },
        "position": {
          "basis": "156px"
        },
        "props": {
          "style": {
            "backgroundColor": "#000000",
            "color": "#FFFFFF",
            "fontFamily": "serif"
          }
        },
        "type": "ia.container.flex"
      },
      {
        "children": [
          {
            "meta": {
              "name": "Dashboard_inflex"
            },
            "position": {
              "basis": "428px"
            },
            "props": {
              "params": {
                "conveyornumber": 1
              },
              "path": "template/Dashboard_inflex",
              "style": {
                "backgroundColor": "#BEBEBE5C",
                "borderBottomLeftRadius": 10,
                "borderBottomRightRadius": 10,
                "borderTopLeftRadius": 10,
                "borderTopRightRadius": 10,
                "margin": 15,
                "textAlign": "left"
              }
            },
            "type": "ia.display.view"
          },
          {
            "meta": {
              "name": "Dashboard_inflex_0"
            },
            "position": {
              "basis": "428px"
            },
            "props": {
              "params": {
                "conveyornumber": 2
              },
              "path": "template/Dashboard_inflex",
              "style": {
                "backgroundColor": "#BEBEBE5C",
                "borderBottomLeftRadius": 10,
                "borderBottomRightRadius": 10,
                "borderTopLeftRadius": 10,
                "borderTopRightRadius": 10,
                "margin": 15,
                "textAlign": "left"
              }
            },
            "type": "ia.display.view"
          },
          {
            "meta": {
              "name": "Dashboard_inflex_1"
            },
            "position": {
              "basis": "428px"
            },
            "props": {
              "params": {
                "conveyornumber": 3
              },
              "path": "template/Dashboard_inflex",
              "style": {
                "backgroundColor": "#BEBEBE5C",
                "borderBottomLeftRadius": 10,
                "borderBottomRightRadius": 10,
                "borderTopLeftRadius": 10,
                "borderTopRightRadius": 10,
                "margin": 15,
                "textAlign": "left"
              }
            },
            "type": "ia.display.view"
          },
          {
            "meta": {
              "name": "Dashboard_inflex_2"
            },
            "position": {
              "basis": "428px"
            },
            "props": {
              "params": {
                "conveyornumber": 4
              },
              "path": "template/Dashboard_inflex",
              "style": {
                "backgroundColor": "#BEBEBE5C",
                "borderBottomLeftRadius": 10,
                "borderBottomRightRadius": 10,
                "borderTopLeftRadius": 10,
                "borderTopRightRadius": 10,
                "margin": 15,
                "textAlign": "left"
              }
            },
            "type": "ia.display.view"
          },
          {
            "meta": {
              "name": "Dashboard_inflex_3"
            },
            "position": {
              "basis": "428px"
            },
            "props": {
              "params": {
                "conveyornumber": 5
              },
              "path": "template/Dashboard_inflex",
              "style": {
                "backgroundColor": "#BEBEBE5C",
                "borderBottomLeftRadius": 10,
                "borderBottomRightRadius": 10,
                "borderTopLeftRadius": 10,
                "borderTopRightRadius": 10,
                "margin": 15,
                "textAlign": "left"
              }
            },
            "type": "ia.display.view"
          },
          {
            "meta": {
              "name": "Dashboard_inflex_4"
            },
            "position": {
              "basis": "428px"
            },
            "props": {
              "params": {
                "conveyornumber": 6
              },
              "path": "template/Dashboard_inflex",
              "style": {
                "backgroundColor": "#BEBEBE5C",
                "borderBottomLeftRadius": 10,
                "borderBottomRightRadius": 10,
                "borderTopLeftRadius": 10,
                "borderTopRightRadius": 10,
                "margin": 15,
                "textAlign": "left"
              }
            },
            "type": "ia.display.view"
          },
          {
            "meta": {
              "name": "Dashboard_inflex_5"
            },
            "position": {
              "basis": "428px"
            },
            "props": {
              "params": {
                "conveyornumber": 7
              },
              "path": "template/Dashboard_inflex",
              "style": {
                "backgroundColor": "#BEBEBE5C",
                "borderBottomLeftRadius": 10,
                "borderBottomRightRadius": 10,
                "borderTopLeftRadius": 10,
                "borderTopRightRadius": 10,
                "margin": 15,
                "textAlign": "left"
              }
            },
            "type": "ia.display.view"
          },
          {
            "meta": {
              "name": "Dashboard_inflex_6"
            },
            "position": {
              "basis": "428px"
            },
            "props": {
              "params": {
                "conveyornumber": 8
              },
              "path": "template/Dashboard_inflex",
              "style": {
                "backgroundColor": "#BEBEBE5C",
                "borderBottomLeftRadius": 10,
                "borderBottomRightRadius": 10,
                "borderTopLeftRadius": 10,
                "borderTopRightRadius": 10,
                "margin": 15,
                "textAlign": "left"
              }
            },
            "type": "ia.display.view"
          },
          {
            "meta": {
              "name": "Dashboard_inflex_7"
            },
            "position": {
              "basis": "428px"
            },
            "props": {
              "params": {
                "conveyornumber": 9
              },
              "path": "template/Dashboard_inflex",
              "style": {
                "backgroundColor": "#BEBEBE5C",
                "borderBottomLeftRadius": 10,
                "borderBottomRightRadius": 10,
                "borderTopLeftRadius": 10,
                "borderTopRightRadius": 10,
                "margin": 15,
                "textAlign": "left"
              }
            },
            "type": "ia.display.view"
          },
          {
            "meta": {
              "name": "Dashboard_inflex_8"
            },
            "position": {
              "basis": "428px"
            },
            "props": {
              "params": {
                "conveyornumber": 10
              },
              "path": "template/Dashboard_inflex",
              "style": {
                "backgroundColor": "#BEBEBE5C",
                "borderBottomLeftRadius": 10,
                "borderBottomRightRadius": 10,
                "borderTopLeftRadius": 10,
                "borderTopRightRadius": 10,
                "margin": 15,
                "textAlign": "left"
              }
            },
            "type": "ia.display.view"
          }
        ],
        "meta": {
          "name": "FlexContainer"
        },
        "position": {
          "basis": "1606px"
        },
        "props": {
          "style": {
            "backgroundColor": "#E9E9F0",
            "margin": 20,
            "padding": 9
          },
          "wrap": "wrap"
        },
        "type": "ia.container.flex"
      }
    ],
    "meta": {
      "name": "root"
    },
    "props": {
      "direction": "column"
    },
    "type": "ia.container.flex"
  }
}