{
  "custom": {},
  "params": {
    "popupconveyornumber": 1
  },
  "propConfig": {
    "params.popupconveyornumber": {
      "paramDirection": "inout",
      "persistent": true
    }
  },
  "props": {
    "defaultSize": {
      "height": 755,
      "width": 1046
    }
  },
  "root": {
    "children": [
      {
        "children": [
          {
            "meta": {
              "name": "Label"
            },
            "position": {
              "basis": "503px"
            },
            "props": {
              "style": {
                "backgroundColor": "#AAAAAA",
                "color": "#FFFFFF",
                "fontFamily": "serif",
                "fontSize": 30,
                "fontWeight": "bolder",
                "letterSpacing": "2",
                "textAlign": "center"
              },
              "text": "ENTER VALUE FOR SPEEDSP"
            },
            "type": "ia.display.label"
          },
          {
            "events": {
              "component": {
                "onActionPerformed": {
                  "config": {
                    "forceAuth": true
                  },
                  "scope": "C",
                  "type": "login"
                }
              }
            },
            "meta": {
              "name": "NumericEntryField"
            },
            "position": {
              "basis": "543px"
            },
            "propConfig": {
              "props.enabled": {
                "binding": {
                  "config": {
                    "expression": "hasRole(\"Administrator\",{session.props.auth.user.userName},\"default\")"
                  },
                  "type": "expr"
                }
              },
              "props.value": {
                "binding": {
                  "config": {
                    "bidirectional": true,
                    "fallbackDelay": 2.5,
                    "mode": "indirect",
                    "references": {
                      "conveyornumber": "{view.params.popupconveyornumber}"
                    },
                    "tagPath": "[default]Conveyor Instances/Conveyor {conveyornumber}/SpeedSP"
                  },
                  "type": "tag"
                }
              }
            },
            "props": {
              "style": {
                "backgroundColor": "#D5D5D5BD",
                "fontFamily": "serif",
                "fontSize": 30,
                "fontWeight": "bold",
                "textAlign": "center"
              }
            },
            "type": "ia.input.numeric-entry-field"
          }
        ],
        "meta": {
          "name": "SpeedSP edit"
        },
        "position": {
          "basis": "76px"
        },
        "type": "ia.container.flex"
      },
      {
        "children": [
          {
            "meta": {
              "name": "AlarmStatusTable"
            },
            "position": {
              "basis": "1046px"
            },
            "propConfig": {
              "props.filters.active.text": {
                "binding": {
                  "config": {
                    "expression": "\"Conveyor \" + {view.params.popupconveyornumber}"
                  },
                  "type": "expr"
                }
              }
            },
            "props": {
              "enableHeader": false,
              "filters": {
                "active": {}
              },
              "style": {
                "borderBottomLeftRadius": 30,
                "borderBottomRightRadius": 30,
                "borderTopLeftRadius": 30,
                "borderTopRightRadius": 30
              },
              "toolbar": {
                "enableFilterResults": false,
                "enablePreFilters": false
              }
            },
            "type": "ia.display.alarmstatustable"
          }
        ],
        "meta": {
          "name": "Alarm Table"
        },
        "position": {
          "basis": "319px"
        },
        "props": {
          "style": {
            "backgroundColor": "#FF7954",
            "borderBottomLeftRadius": 0,
            "borderBottomRightRadius": 0,
            "borderTopLeftRadius": 0,
            "borderTopRightRadius": 0,
            "padding": 12
          }
        },
        "type": "ia.container.flex"
      },
      {
        "children": [
          {
            "meta": {
              "name": "PowerChart"
            },
            "position": {
              "basis": "1046px"
            },
            "props": {
              "config": {
                "rangeEndDate": {
                  "$": [
                    "ts",
                    0,
                    1709236888914
                  ],
                  "$ts": 1709236792828
                },
                "rangeStartDate": {
                  "$": [
                    "ts",
                    0,
                    1709236888913
                  ],
                  "$ts": 1709208088828
                }
              },
              "interaction": {
                "chartZoomLevel": 1,
                "rangeZoomLevel": 1
              },
              "pens": [
                {
                  "axis": "",
                  "data": {
                    "aggregateMode": "default",
                    "source": "histprov:Alarm_db:/drv:ignition-macbook-air.local:default:/tag:conveyor instances/conveyor 1/speedsp"
                  },
                  "display": {
                    "breakLine": true,
                    "interpolation": "curveLinear",
                    "radius": 3,
                    "styles": {
                      "highlighted": {
                        "fill": {
                          "color": "#63BEA2",
                          "opacity": 1
                        },
                        "stroke": {
                          "color": "#63BEA2",
                          "dashArray": 0,
                          "opacity": 1,
                          "width": 1
                        }
                      },
                      "muted": {
                        "fill": {
                          "color": "#63BEA2",
                          "opacity": 0.4
                        },
                        "stroke": {
                          "color": "#63BEA2",
                          "dashArray": 0,
                          "opacity": 0.4,
                          "width": 1
                        }
                      },
                      "normal": {
                        "fill": {
                          "color": "#63BEA2",
                          "opacity": 0.8
                        },
                        "stroke": {
                          "color": "#63BEA2",
                          "dashArray": 0,
                          "opacity": 0.8,
                          "width": 1
                        }
                      },
                      "selected": {
                        "fill": {
                          "color": "#63BEA2",
                          "opacity": 1
                        },
                        "stroke": {
                          "color": "#63BEA2",
                          "dashArray": 0,
                          "opacity": 1,
                          "width": 1
                        }
                      }
                    },
                    "type": "line"
                  },
                  "enabled": true,
                  "name": "speedsp",
                  "plot": 0,
                  "selectable": true,
                  "visible": true
                }
              ]
            },
            "type": "ia.chart.powerchart"
          }
        ],
        "meta": {
          "name": "FlexContainer"
        },
        "position": {
          "basis": "360px"
        },
        "props": {
          "style": {
            "backgroundColor": "#FFFFFA",
            "padding": 10
          }
        },
        "type": "ia.container.flex"
      }
    ],
    "meta": {
      "name": "root"
    },
    "props": {
      "direction": "column",
      "wrap": "wrap"
    },
    "type": "ia.container.flex"
  }
}