{
  "custom": {},
  "params": {
    "conveyornumber": 1
  },
  "propConfig": {
    "params.conveyornumber": {
      "paramDirection": "input",
      "persistent": true
    }
  },
  "props": {
    "defaultSize": {
      "height": 453,
      "width": 483
    }
  },
  "root": {
    "children": [
      {
        "meta": {
          "name": "Label"
        },
        "position": {
          "basis": "60px"
        },
        "propConfig": {
          "props.text": {
            "binding": {
              "config": {
                "expression": "\"Conveyor \" + {view.params.conveyornumber}"
              },
              "type": "expr"
            }
          }
        },
        "props": {
          "style": {
            "backgroundColor": "#000000",
            "borderBottomLeftRadius": 10,
            "borderBottomRightRadius": 10,
            "borderStyle": "solid",
            "borderTopLeftRadius": 10,
            "borderTopRightRadius": 10,
            "color": "#FFFFFF",
            "fontFamily": "Verdana",
            "padding": 10,
            "textTransform": "uppercase"
          }
        },
        "type": "ia.display.label"
      },
      {
        "children": [
          {
            "events": {
              "dom": {
                "onClick": {
                  "config": {
                    "draggable": true,
                    "id": "TWQFTURq",
                    "modal": false,
                    "overlayDismiss": false,
                    "resizable": true,
                    "showCloseIcon": true,
                    "type": "open",
                    "viewParams": {
                      "popupconveyornumber": "{view.params.conveyornumber}"
                    },
                    "viewPath": "template/Labworkday 3 popup",
                    "viewportBound": false
                  },
                  "scope": "C",
                  "type": "popup"
                }
              }
            },
            "meta": {
              "name": "motorcut"
            },
            "position": {
              "basis": "456px"
            },
            "props": {
              "fit": {
                "height": 120,
                "mode": "contain",
                "width": 120
              },
              "source": "/system/images/electric-motor-removebg-preview.png\n",
              "style": {
                "marginTop": 0,
                "paddingBottom": 0,
                "paddingRight": 7,
                "paddingTop": 0
              }
            },
            "type": "ia.display.image"
          }
        ],
        "meta": {
          "name": "Button_motor_flex"
        },
        "position": {
          "basis": "127px"
        },
        "props": {
          "direction": "row-reverse",
          "style": {
            "paddingBottom": 10,
            "paddingRight": 10,
            "paddingTop": 10
          }
        },
        "type": "ia.container.flex"
      },
      {
        "children": [
          {
            "meta": {
              "name": "Label"
            },
            "position": {
              "basis": "40px"
            },
            "props": {
              "alignVertical": "bottom",
              "style": {
                "color": "#000000",
                "fontFamily": "sans-serif",
                "fontStyle": "italic",
                "fontWeight": "400",
                "paddingLeft": 3,
                "textAlign": "left",
                "textTransform": "uppercase"
              },
              "text": "A"
            },
            "type": "ia.display.label"
          },
          {
            "meta": {
              "name": "LedDisplay"
            },
            "position": {
              "basis": "279px"
            },
            "propConfig": {
              "props.value": {
                "binding": {
                  "config": {
                    "fallbackDelay": 2.5,
                    "mode": "indirect",
                    "references": {
                      "conveyornumber": "{view.params.conveyornumber}"
                    },
                    "tagPath": "[default]LabworkRate/Conveyor {conveyornumber}/amps"
                  },
                  "type": "tag"
                }
              }
            },
            "props": {
              "style": {
                "backgroundColor": "#FFFFFF"
              }
            },
            "type": "ia.display.led-display"
          }
        ],
        "meta": {
          "name": "Amps_flex"
        },
        "position": {
          "basis": "64px"
        },
        "props": {
          "direction": "row-reverse",
          "style": {
            "paddingBottom": 11,
            "paddingLeft": 7,
            "paddingRight": 55,
            "paddingTop": 16
          }
        },
        "type": "ia.container.flex"
      },
      {
        "children": [
          {
            "meta": {
              "name": "Label"
            },
            "position": {
              "basis": "40px"
            },
            "props": {
              "alignVertical": "bottom",
              "style": {
                "color": "#000000",
                "fontFamily": "sans-serif",
                "fontStyle": "italic",
                "fontWeight": "400",
                "paddingLeft": 3,
                "textAlign": "left",
                "textTransform": "lowercase"
              },
              "text": "RPM"
            },
            "type": "ia.display.label"
          },
          {
            "meta": {
              "name": "LedDisplay"
            },
            "position": {
              "basis": "279px"
            },
            "propConfig": {
              "props.value": {
                "binding": {
                  "config": {
                    "fallbackDelay": 2.5,
                    "mode": "indirect",
                    "references": {
                      "conveyornumber": "{view.params.conveyornumber}"
                    },
                    "tagPath": "[default]LabworkRate/Conveyor {conveyornumber}/speedActual"
                  },
                  "type": "tag"
                }
              }
            },
            "props": {
              "style": {
                "backgroundColor": "#FFFFFF"
              }
            },
            "type": "ia.display.led-display"
          }
        ],
        "meta": {
          "name": "Speed"
        },
        "position": {
          "basis": "64px"
        },
        "props": {
          "direction": "row-reverse",
          "style": {
            "paddingBottom": 11,
            "paddingLeft": 7,
            "paddingRight": 55,
            "paddingTop": 16
          }
        },
        "type": "ia.container.flex"
      },
      {
        "meta": {
          "name": "MultiStateButton"
        },
        "position": {
          "basis": "120px"
        },
        "propConfig": {
          "props.controlValue": {
            "binding": {
              "config": {
                "bidirectional": true,
                "fallbackDelay": 2.5,
                "mode": "indirect",
                "references": {
                  "conveyorNumber": "{view.params.conveyornumber}"
                },
                "tagPath": "[default]LabworkRate/Conveyor {conveyorNumber}/state"
              },
              "type": "tag"
            }
          },
          "props.indicatorValue": {
            "binding": {
              "config": {
                "fallbackDelay": 2.5,
                "mode": "indirect",
                "references": {
                  "conveyorNumber": "{view.params.conveyornumber}"
                },
                "tagPath": "[default]LabworkRate/Conveyor {conveyorNumber}/state"
              },
              "type": "tag"
            }
          }
        },
        "props": {
          "orientation": "row",
          "states": [
            {
              "selectedStyle": {
                "backgroundColor": "#FF7954",
                "borderStyle": "solid",
                "classes": ""
              },
              "text": "Hand",
              "unselectedStyle": {
                "borderBottomLeftRadius": 7,
                "borderBottomRightRadius": 7,
                "borderColor": "#FF7954",
                "borderStyle": "solid",
                "borderTopLeftRadius": 7,
                "borderTopRightRadius": 7,
                "borderWidth": 3,
                "classes": ""
              },
              "value": 2
            },
            {
              "selectedStyle": {
                "backgroundColor": "#FF7954",
                "classes": ""
              },
              "text": "Off",
              "unselectedStyle": {
                "borderColor": "#FF7954",
                "borderStyle": "solid",
                "borderWidth": 3,
                "classes": ""
              },
              "value": 0
            },
            {
              "selectedStyle": {
                "backgroundColor": "#FF7954",
                "classes": ""
              },
              "text": "Auto",
              "unselectedStyle": {
                "borderColor": "#FF7954",
                "borderStyle": "solid",
                "borderWidth": 3,
                "classes": ""
              },
              "value": 1
            }
          ],
          "style": {
            "paddingBottom": 40,
            "paddingLeft": 53,
            "paddingRight": 62,
            "paddingTop": 12
          }
        },
        "type": "ia.input.multi-state-button"
      }
    ],
    "meta": {
      "name": "root"
    },
    "props": {
      "direction": "column"
    },
    "type": "ia.container.flex"
  }
}